754534-B21;HP;Руководство пользователя;Download.pdf
754536-B21;HP;Руководство пользователя;Download.pdf
754537-B21;HP;Руководство пользователя;Download.pdf
765819-001;HP;Руководство пользователя;Download.pdf
765819-001?LA;HP;Руководство пользователя;Download.pdf
765819-011;HP;Руководство пользователя;Download.pdf
765819-031;HP;Руководство пользователя;Download.pdf
765819-291;HP;Руководство пользователя;Download.pdf
765819-371;HP;Руководство пользователя;Download.pdf
765819-421;HP;Руководство пользователя;Download.pdf
765819-AA1;HP;Руководство пользователя;Download.pdf
765819001;HP;Руководство пользователя;Download.pdf
765820-001;HP;Руководство пользователя;Download.pdf
765820-001?LA;HP;Руководство пользователя;Download.pdf
765820-011;HP;Руководство пользователя;Download.pdf
765820-031;HP;Руководство пользователя;Download.pdf
765820-291;HP;Руководство пользователя;Download.pdf
765820-371;HP;Руководство пользователя;Download.pdf
765820-421#KIT;HP;Руководство пользователя;Download.pdf
765820-421;HP;Руководство пользователя;Download.pdf
765820-421/94833690;HP;Руководство пользователя;Download.pdf
765820-AA1;HP;Руководство пользователя;Download.pdf
765820001;HP;Руководство пользователя;Download.pdf
765821-001;HP;Руководство пользователя;Download.pdf
765821-001?LA;HP;Руководство пользователя;Download.pdf
765821-031;HP;Руководство пользователя;Download.pdf
765821-421;HP;Руководство пользователя;Download.pdf
765821001;HP;Руководство пользователя;Download.pdf
765822-001;HP;Руководство пользователя;Download.pdf
765822-001?LA;HP;Руководство пользователя;Download.pdf
765822-031;HP;Руководство пользователя;Download.pdf
765822-421;HP;Руководство пользователя;Download.pdf
765822001;HP;Руководство пользователя;Download.pdf
776971-035;HP;Руководство пользователя;Download.pdf
776971-425;HP;Руководство пользователя;Download.pdf
776971-425?KIT;HP;Руководство пользователя;Download.pdf
776972-035;HP;Руководство пользователя;Download.pdf
776972-425;HP;Руководство пользователя;Download.pdf
776973-035;HP;Руководство пользователя;Download.pdf
776973-425;HP;Руководство пользователя;Download.pdf
776974-425;HP;Руководство пользователя;Download.pdf
776975-425;HP;Руководство пользователя;Download.pdf
776976-S01;HP;Руководство пользователя;Download.pdf
776977-S01;HP;Руководство пользователя;Download.pdf
776978-S01;HP;Руководство пользователя;Download.pdf
776979-S05;HP;Руководство пользователя;Download.pdf
778161-AA5;HP;Руководство пользователя;Download.pdf
778162-AA5;HP;Руководство пользователя;Download.pdf
778163-295;HP;Руководство пользователя;Download.pdf
778164-295;HP;Руководство пользователя;Download.pdf
778165-295;HP;Руководство пользователя;Download.pdf
778166-295;HP;Руководство пользователя;Download.pdf
778167-295;HP;Руководство пользователя;Download.pdf
779365-S05;HP;Руководство пользователя;Download.pdf
779366-S05;HP;Руководство пользователя;Download.pdf
792467-S01;HP;Руководство пользователя;Download.pdf
DUMML350GEN9SVR;HP;Руководство пользователя;Download.pdf
K8J98A;HP;Руководство пользователя;Download.pdf
K8J99A;HP;Руководство пользователя;Download.pdf
K8K00A;HP;Руководство пользователя;Download.pdf
K8K01A;HP;Руководство пользователя;Download.pdf
L0A09A;HP;Руководство пользователя;Download.pdf
L0A10A;HP;Руководство пользователя;Download.pdf
L0A11A;HP;Руководство пользователя;Download.pdf
L0A12A;HP;Руководство пользователя;Download.pdf
M3H08A;HP;Руководство пользователя;Download.pdf
